{
  "version": 1,
  "steps": {
    "step-01.jpg": {
      "zoom": {
        "x": 0.11414503133393017,
        "y": 0.23529411764705882
      },
      "level": 2,
      "highlight": {
        "x": 0.007162041181736795,
        "y": 0.21691176470588236,
        "width": 0.21396598030438674,
        "height": 0.03676470588235294
      },
      "pixelRatio": 2
    },
    "step-02.jpg": {
      "zoom": {
        "x": 0.13428827215756492,
        "y": 0.23161764705882354
      },
      "level": 2,
      "highlight": {
        "x": 0.007162041181736795,
        "y": 0.14215686274509803,
        "width": 0.25425246195165624,
        "height": 0.17892156862745098
      },
      "pixelRatio": 2
    },
    "step-03.jpg": {
      "zoom": {
        "x": 0.5,
        "y": 0.7530637254901961
      },
      "level": 2,
      "highlight": {
        "x": 0,
        "y": 0,
        "width": 1,
        "height": 1
      },
      "pixelRatio": 2
    },
    "step-04.jpg": {
      "zoom": {
        "x": 0.13428827215756492,
        "y": 0.5067401960784313
      },
      "level": 2,
      "highlight": {
        "x": 0.007162041181736795,
        "y": 0.4681372549019608,
        "width": 0.25425246195165624,
        "height": 0.07720588235294118
      },
      "pixelRatio": 2
    },
    "step-05.jpg": {
      "zoom": {
        "x": 0.5112536369740376,
        "y": 0.32965686274509803
      },
      "level": 2,
      "highlight": {
        "x": 0.4611822963294539,
        "y": 0.31495098039215685,
        "width": 0.10014268128916741,
        "height": 0.029411764705882353
      },
      "pixelRatio": 2
    }
  }
}
